0.5,0,0,0,0.5,0,0.5
-0.5,0,0,0,-0.5,0,0.5
0.495,0.05,0,-0.05,0.5,0,0.5
-0.495,-0.05,0,0.05,-0.5,0,0.5
0.4849755722198641,0.09949248204241053,0,-0.1002442778013584,0.4949248204241052,0,0.5
-0.4849755722198641,-0.09949248204241053,0,0.1002442778013584,-0.4949248204241052,0,0.5
0.4699552327637199,0.1479600554478034,0,-0.1502033945614426,0.4846757340539283,0,0.5
-0.4699552327637199,-0.1479600554478034,0,0.1502033945614426,-0.4846757340539283,0,0.5
0.450023243671159,0.1948812518753921,0,-0.1993198909256083,0.4692119642758873,0,0.5
-0.450023243671159,-0.1948812518753921,0,0.1993198909256083,-0.4692119642758873,0,0.5
0.4253217490011238,0.2397370278367347,0,-0.2470149467003518,0.4485577596134264,0,0.5
-0.4253217490011238,-0.2397370278367347,0,0.2470149467003518,-0.4485577596134264,0,0.5
0.396052070617475,0.2820178995316346,0,-0.2926967838364882,0.4228087169489983,0,0.5
-0.396052070617475,-0.2820178995316346,0,0.2926967838364882,-0.4228087169489983,0,0.5
0.3624749946295963,0.3212315906335921,0,-0.3357707598787881,0.3921369110195752,0,0.5
-0.3624749946295963,-0.3212315906335921,0,0.3357707598787881,-0.3921369110195752,0,0.5
0.3249098966486903,0.3569110278772636,0,-0.3756509798090595,0.356794372436715,0,0.5
-0.3249098966486903,-0.3569110278772636,0,0.3756509798090595,-0.356794372436715,0,0.5
0.2837325843984078,0.3886224754687451,0,-0.4117731225028256,0.3171144759148151,0,0.5
-0.2837325843984078,-0.3886224754687451,0,0.4117731225028256,-0.3171144759148151,0,0.5
0.2393717799106731,0.4159735615720411,0,-0.4436080448773464,0.27351086103296,0,0.5
-0.2393717799106731,-0.4159735615720411,0,0.4436080448773464,-0.27351086103296,0,0.5
0.1923042192754666,0.4386209228027099,0,-0.470675606352065,0.2264736123066877,0,0.5
-0.1923042192754666,-0.4386209228027099,0,0.470675606352065,-0.2264736123066877,0,0.5
0.1430484128556177,0.4562771798912271,0,-0.492558064198489,0.1765625708851728,0,0.5
-0.1430484128556177,-0.4562771798912271,0,0.492558064198489,-0.1765625708851728,0,0.5
0.09215717867034237,0.4687169626838865,0,-0.5089123418527536,0.124397827926594,0,0.5
-0.09215717867034237,-0.4687169626838865,0,0.5089123418527536,-0.124397827926594,0,0.5
0.0402091307509616,0.4757817271576321,0,-0.5194804791938077,0.07064764473745558,0,0.5
-0.0402091307509616,-0.4757817271576321,0,0.5194804791938077,-0.07064764473745558,0,0.5
-0.01220063347390463,0.4773831509130393,0,-0.5240976422486623,0.0160142375540731,0,0.5
0.01220063347390463,-0.4773831509130393,0,0.5240976422486623,-0.0160142375540731,0,0.5
-0.06447035329274478,0.4735049542897612,0,-0.5226971981884014,-0.03878196623278154,0,0.5
0.06447035329274478,-0.4735049542897612,0,0.5226971981884014,0.03878196623278154,0,0.5
-0.1160016072838609,0.4642030673942546,0,-0.5153125399111617,-0.09301886895506598,0,0.5
0.1160016072838609,-0.4642030673942546,0,0.5153125399111617,0.09301886895506598,0,0.5
-0.16620916284728,0.4496041429418603,0,-0.5020755556341906,-0.145989244523943,0,0.5
0.16620916284728,-0.4496041429418603,0,0.5020755556341906,0.145989244523943,0,0.5
-0.2145303488858434,0.4299024940730409,0,-0.4832118603856337,-0.1970164886881938,0,0.5
0.2145303488858434,-0.4299024940730409,0,0.4832118603856337,0.1970164886881938,0,0.5
-0.2604336603060793,0.4053556084618528,0,-0.459033114202359,-0.2454688561118814,0,0.5
0.2604336603060793,-0.4053556084618528,0,0.459033114202359,0.2454688561118814,0,0.5
-0.3034263527614836,0.37627844930575,0,-0.429926924554043,-0.290771591561028,0,0.5
0.3034263527614836,-0.37627844930575,0,0.429926924554043,0.290771591561028,0,0.5
-0.343060847952588,0.3430367960390553,0,-0.396344951911044,-0.332416532666947,0,0.5
0.343060847952588,-0.3430367960390553,0,0.396344951911044,0.332416532666947,0,0.5
-0.378939837850269,0.30603990077651,0,-0.3587898989768102,-0.3699689526254528,0,0.5
0.378939837850269,-0.30603990077651,0,0.3587898989768102,0.3699689526254528,0,0.5
-0.4107200444145439,0.2657327406134037,0,-0.3178020656427491,-0.4030716016310628,0,0.5
0.4107200444145439,-0.2657327406134037,0,0.3178020656427491,0.4030716016310628,0,0.5
-0.4381146544351815,0.2225881328881104,0,-0.2739461002063763,-0.4314460772529333,0,0.5
0.4381146544351815,-0.2225881328881104,0,0.2739461002063763,0.4314460772529333,0,0.5
-0.4608945029440865,0.17709895362607,0,-0.2277984850890491,-0.4548917926204039,0,0.5
0.4608945029440865,-0.17709895362607,0,0.2277984850890491,0.4548917926204039,0,0.5
-0.4788881206596989,0.129770662680357,0,-0.1799361771561243,-0.4732829094571305,0,0.5
0.4788881206596989,-0.129770662680357,0,0.1799361771561243,0.4732829094571305,0,0.5
-0.4919807900511265,0.08111429679531255,0,-0.1309266939142767,-0.4865636588504442,0,0.5
0.4919807900511265,-0.08111429679531255,0,0.1309266939142767,0.4865636588504442,0,0.5
-0.5001127711141301,0.03164004786784484,0,-0.08131981063003593,-0.4947424892746772,0,0.5
0.5001127711141301,-0.03164004786784484,0,0.08131981063003593,0.4947424892746772,0,0.5
-0.5032768631093015,-0.01814849866805664,0,-0.03164091995171478,-0.4978854653590148,0,0.5
0.5032768631093015,0.01814849866805664,0,0.03164091995171478,0.4978854653590148,0,0.5
-0.5015154642561036,-0.06775942872552736,0,0.0176139885319796,-0.4961093005747071,0,0.5
0.5015154642561036,0.06775942872552736,0,-0.0176139885319796,0.4961093005747071,0,0.5
-0.4949172799419322,-0.1167168638400463,0,0.06598184314171365,-0.4895743511451889,0,0.5
0.4949172799419322,0.1167168638400463,0,-0.06598184314171365,0.4895743511451889,0,0.5
-0.4836138136450261,-0.1645646473445581,0,0.1130346629690611,-0.4784778350451185,0,0.5
0.4836138136450261,0.1645646473445581,0,-0.1130346629690611,0.4784778350451185,0,0.5
-0.4677757555394646,-0.2108693948960262,0,0.1583805810556155,-0.4630474755146804,0,0.5
0.4677757555394646,0.2108693948960262,0,-0.1583805810556155,0.4630474755146804,0,0.5
-0.4476093633797943,-0.2552229656879266,0,0.2016639215967024,-0.4435357079190047,0,0.5
0.4476093633797943,0.2552229656879266,0,-0.2016639215967024,0.4435357079190047,0,0.5
-0.4233529100999426,-0.2972444192044968,0,0.2425645327985178,-0.4202145351657017,0,0.5
0.4233529100999426,0.2972444192044968,0,-0.2425645327985178,0.4202145351657017,0,0.5
-0.3952732535707356,-0.3365815263938218,0,0.2807965652920698,-0.3933710718932502,0,0.5
0.3952732535707356,0.3365815263938218,0,-0.2807965652920698,0.3933710718932502,0,0.5
-0.3636625667603884,-0.3729119045645938,0,0.3161068681034723,-0.36330378170772,0,0.5
0.3636625667603884,0.3729119045645938,0,-0.3161068681034723,0.36330378170772,0,0.5
-0.3288352514607684,-0.4059438430117036,0,0.3482731529962001,-0.3303193844710974,0,0.5
0.3288352514607684,0.4059438430117036,0,-0.3482731529962001,0.3303193844710974,0,0.5
-0.2911250458819227,-0.4354168821202199,0,0.3771020557884562,-0.2947303910851633,0,0.5
0.2911250458819227,0.4354168821202199,0,-0.3771020557884562,0.2947303910851633,0,0.5
-0.2508823257190667,-0.4611022031340827,0,0.4024272016285599,-0.2568532101386286,0,0.5
0.2508823257190667,0.4611022031340827,0,-0.4024272016285599,0.2568532101386286,0,0.5
-0.2084715895946782,-0.4828028794208719,0,0.4241073612438847,-0.2170067628678909,0,0.5
0.2084715895946782,0.4828028794208719,0,-0.4241073612438847,0.2170067628678909,0,0.5
-0.1642691128484956,-0.5003540333048269,0,0.4420247674618262,-0.1755115388395497,0,0.5
0.1642691128484956,0.5003540333048269,0,-0.4420247674618262,0.1755115388395497,0,0.5
-0.1186607482414269,-0.5136229356481807,0,0.4560836460706869,-0.1326890234335392,0,0.5
0.1186607482414269,0.5136229356481807,0,-0.4560836460706869,0.1326890234335392,0,0.5
-0.072039848010124,-0.522509078507249,0,0.466209002313029,-0.08886142859068305,0,0.5
0.072039848010124,0.522509078507249,0,-0.466209002313029,0.08886142859068305,0,0.5
-0.02480527863365827,-0.5269442444638911,0,0.4723456937646573,-0.04435165956642037,0,0.5
0.02480527863365827,0.5269442444638911,0,-0.4723456937646573,0.04435165956642037,0,0.5
0.02264050253670155,-0.5268925896595534,0,0.4744578117035982,0.0005165480433765232,0,0.5
-0.02264050253670155,0.5268925896595534,0,-0.4744578117035982,-0.0005165480433765232,0,0.5
0.06989334112564805,-0.5223507511142996,0,0.4725283858894649,0.04541838545253835,0,0.5
-0.06989334112564805,0.5223507511142996,0,-0.4725283858894649,-0.04541838545253835,0,0.5
0.1165492832736055,-0.5133479825395658,0,0.4665594214795743,0.09002768574733759,0,0.5
-0.1165492832736055,0.5133479825395658,0,-0.4665594214795743,-0.09002768574733759,0,0.5
0.1622065103836637,-0.4999463164732542,0,0.4565722711005827,0.1340166606631162,0,0.5
-0.1622065103836637,0.4999463164732542,0,-0.4565722711005827,-0.1340166606631162,0,0.5
0.2064673443190656,-0.4822407440941404,0,0.4426083393540185,0.1770557237911384,0,0.5
-0.2064673443190656,0.4822407440941404,0,-0.4426083393540185,-0.1770557237911384,0,0.5
0.2489403553926076,-0.460359397429484,0,0.4247301107354197,0.2188134666465643,0,0.5
-0.2489403553926076,0.460359397429484,0,-0.4247301107354197,-0.2188134666465643,0,0.5
0.2892426038493714,-0.4344637117933642,0,0.4030224845676377,0.258956856361197,0,0.5
-0.2892426038493714,0.4344637117933642,0,-0.4030224845676377,-0.258956856361197,0,0.5
0.3270020430077755,-0.4047485391541358,0,0.3775943915840412,0.2971517263922848,0,0.5
-0.3270020430077755,0.4047485391541358,0,-0.3775943915840412,-0.2971517263922848,0,0.5
0.3618601085858074,-0.3714421757462057,0,0.3485806557803184,0.3330636340793007,0,0.5
-0.3618601085858074,0.3714421757462057,0,-0.3485806557803184,-0.3330636340793007,0,0.5
0.3934745137548219,-0.3348062596986773,0,0.3161440516901451,0.3663591604752842,0,0.5
-0.3934745137548219,0.3348062596986773,0,-0.3161440516901451,-0.3663591604752842,0,0.5
0.4215222628605673,-0.2951354869210918,0,0.2804774910574536,0.3967077277758549,0,0.5
-0.4215222628605673,0.2951354869210918,0,-0.2804774910574536,-0.3967077277758549,0,0.5
0.4457028882498241,-0.252757086239574,0,0.2418062538925677,0.423784006815178,0,0.5
-0.4457028882498241,0.252757086239574,0,-0.2418062538925677,-0.423784006815178,0,0.5
0.4657419039800837,-0.2080299882142709,0,0.2003901573025961,0.447270980253031,0,0.5
-0.4657419039800837,0.2080299882142709,0,-0.2003901573025961,-0.447270980253031,0,0.5
0.4813944571649317,-0.1613436167290832,0,0.1565255318484806,0.4668637148518771,0,0.5
-0.4813944571649317,0.1613436167290832,0,-0.1565255318484806,-0.4668637148518771,0,0.5
0.492449142221352,-0.1131162290106534,0,0.1105468505642025,0.482273877184298,0,0.5
-0.492449142221352,0.1131162290106534,0,-0.1105468505642025,-0.482273877184298,0,0.5
0.4987319254054526,-0.0637927290265573,0,0.06282783184100627,0.493234999840961,0,0.5
-0.4987319254054526,0.0637927290265573,0,-0.06282783184100627,-0.493234999840961,0,0.5
0.5001101070532197,-0.01384188216360197,0,0.01378181647766999,0.4995084686295533,0,0.5
-0.5001101070532197,0.01384188216360197,0,-0.01378181647766999,-0.4995084686295533,0,0.5
0.4964962274913186,0.03624713331870975,0,-0.0361387956190113,0.5008901548231172,0,0.5
-0.4964962274913186,-0.03624713331870975,0,0.0361387956190113,-0.5008901548231172,0,0.5
0.4878518006269816,0.08596888937659683,0,-0.08644426864336996,0.4972175605788707,0,0.5
-0.4878518006269816,-0.08596888937659683,0,0.08644426864336996,-0.4972175605788707,0,0.5
0.4741907381535838,0.1348066175572397,0,-0.136610624733978,0.4883772818064285,0,0.5
-0.4741907381535838,-0.1348066175572397,0,0.136610624733978,-0.4883772818064285,0,0.5
0.4555823089207232,0.1822378699782436,0,-0.1860842923286056,0.4743125242100394,0,0.5
-0.4555823089207232,-0.1822378699782436,0,0.1860842923286056,-0.4743125242100394,0,0.5
0.4321534644720951,0.2277409039760755,0,-0.2342884444862814,0.4550303399783189,0,0.5
-0.4321534644720951,-0.2277409039760755,0,0.2342884444862814,-0.4550303399783189,0,0.5
0.4040903554317214,0.2708017231262775,0,-0.2806310904037368,0.43060819150202,0,0.5
-0.4040903554317214,-0.2708017231262775,0,0.2806310904037368,-0.43060819150202,0,0.5
0.371638866701489,0.3109216634216094,0,-0.3245148873023241,0.4011994029533187,0,0.5
-0.371638866701489,-0.3109216634216094,0,0.3245148873023241,-0.4011994029533187,0,0.5
0.335104014399198,0.3476253673973977,0,-0.3653485230229097,0.3670370397578827,0,0.5
-0.335104014399198,-0.3476253673973977,0,0.3653485230229097,-0.3670370397578827,0,0.5
0.2948480755253294,0.3804689442753911,0,-0.4025593887386856,0.328435768779934,0,0.5
-0.2948480755253294,-0.3804689442753911,0,0.4025593887386856,-0.328435768779934,0,0.5
0.2512873628572474,0.4090480748133053,0,-0.4356071266808202,0.2857913053791424,0,0.5
-0.2512873628572474,-0.4090480748133053,0,0.4356071266808202,-0.2857913053791424,0,0.5
0.2048876115142971,0.4330057898885761,0,-0.463997513429503,0.2395771507527077,0,0.5
-0.2048876115142971,-0.4330057898885761,0,0.463997513429503,-0.2395771507527077,0,0.5
0.1561580074323066,0.4520396361260193,0,-0.4872960408199052,0.1903384623744318,0,0.5
-0.1561580074323066,-0.4520396361260193,0,0.4872960408199052,-0.1903384623744318,0,0.5
0.1056439575013784,0.4659079435255644,0,-0.5051404993092815,0.1386830739954513,0,0.5
-0.1056439575013784,-0.4659079435255644,0,0.5051404993092815,-0.1386830739954513,0,0.5
0.05391877096182593,0.4744349310806184,0,-0.5172518653955249,0.08526987555053994,0,0.5
-0.05391877096182593,-0.4744349310806184,0,0.5172518653955249,-0.08526987555053994,0,0.5
0.001574485703681863,0.4775144269245753,0,-0.5234428525814406,0.03079495843956909,0,0.5
-0.001574485703681863,-0.4775144269245753,0,0.5234428525814406,-0.03079495843956909,0,0.5
-0.05078787471488474,0.4751120375722723,0,-0.523623604185666,-0.02402389352303,0,0.5
0.05078787471488474,-0.4751120375722723,0,0.523623604185666,0.02402389352303,0,0.5
-0.1025682924561283,0.4672656722173238,0,-0.517804177412436,-0.07846365354948437,0,0.5
0.1025682924561283,-0.4672656722173238,0,0.517804177412436,0.07846365354948437,0,0.5
-0.1531776599788102,0.4540844070168841,0,-0.5060936752268184,-0.1318126520043977,0,0.5
0.1531776599788102,-0.4540844070168841,0,0.5060936752268184,0.1318126520043977,0,0.5
-0.2020472703760676,0.4357457540958,0,-0.4886961039725743,-0.1833865292108404,0,0.5
0.2020472703760676,-0.4357457540958,0,0.4886961039725743,0.1833865292108404,0,0.5
-0.2486375950173804,0.4124914738134787,0,-0.4659032464131282,-0.232542802823213,0,0.5
0.2486375950173804,-0.4124914738134787,0,0.4659032464131282,0.232542802823213,0,0.5
-0.2924460969902425,0.3846221306629826,0,-0.4380850197286205,-0.2786934315049614,0,0.5
0.2924460969902425,-0.3846221306629826,0,0.4380850197286205,0.2786934315049614,0,0.5
-0.3330138888696533,0.352490638576897,0,-0.4056779187941081,-0.3213149208608558,0,0.5
0.3330138888696533,-0.352490638576897,0,0.4056779187941081,0.3213149208608558,0,0.5
-0.369931110571416,0.3164950679760782,0,-0.3691722170176268,-0.3599557060081875,0,0.5
0.369931110571416,-0.3164950679760782,0,0.3691722170176268,0.3599557060081875,0,0.5
-0.4028409714272307,0.2770709943186123,0,-0.3290986085581465,-0.3942407365746595,0,0.5
0.4028409714272307,-0.2770709943186123,0,0.3290986085581465,0.3942407365746595,0,0.5
-0.4314424647068991,0.2346836578033897,0,-0.2860149327966837,-0.423873365152226,0,0.5
0.4314424647068991,-0.2346836578033897,0,0.2860149327966837,0.423873365152226,0,0.5
-0.45549181831051,0.1898201793285784,0,-0.2404935360361092,-0.4486347847481125,0,0.5
0.45549181831051,-0.1898201793285784,0,0.2404935360361092,0.4486347847481125,0,0.5
-0.4748027894300277,0.1429820427442228,0,-0.1931097111951774,-0.4683813658435563,0,0.5
0.4748027894300277,-0.1429820427442228,0,0.1931097111951774,0.4683813658435563,0,0.5
-0.4892459423232733,0.09467801208933005,0,-0.1444315289324559,-0.4830403065489273,0,0.5
0.4892459423232733,-0.09467801208933005,0,0.1444315289324559,0.4830403065489273,0,0.5
-0.4987470670056223,0.0454176088491581,0,-0.09501124682348969,-0.4926040324017195,0,0.5
0.4987470670056223,-0.0454176088491581,0,0.09501124682348969,0.4926040324017195,0,0.5
-0.5032849037662083,-0.004294768315972981,0,-0.04537836760585971,-0.4971237716513108,0,0.5
0.5032849037662083,0.004294768315972981,0,0.04537836760585971,0.4971237716513108,0,0.5
-0.5028883357877938,-0.05396503786974386,0,0.003965679784145276,-0.4967026955377087,0,0.5
0.5028883357877938,0.05396503786974386,0,-0.003965679784145276,0.4967026955377087,0,0.5
-0.4976332019836258,-0.1031139338498591,0,0.05255133804167952,-0.4914889598011522,0,0.5
0.4976332019836258,0.1031139338498591,0,-0.05255133804167952,0.4914889598011522,0,0.5
-0.4876388667101956,-0.1512808260069683,0,0.09994335273430183,-0.4816689215710918,0,0.5
0.4876388667101956,0.1512808260069683,0,-0.09994335273430183,0.4816689215710918,0,0.5
-0.4730646643567629,-0.1980269001732164,0,0.1457420235343277,-0.4674607416624818,0,0.5
0.4730646643567629,0.1980269001732164,0,-0.1457420235343277,0.4674607416624818,0,0.5
-0.4541063167296096,-0.2429377522992719,0,0.1895834762715327,-0.4491085212605541,0,0.5
0.4541063167296096,0.2429377522992719,0,-0.1895834762715327,0.4491085212605541,0,0.5
-0.4309924010466656,-0.2856254590388658,0,0.2311391568294403,-0.4268770673959389,0,0.5
0.4309924010466656,0.2856254590388658,0,-0.2311391568294403,0.4268770673959389,0,0.5
-0.403980927259223,-0.325730192575163,0,0.2701147378744254,-0.401047335362972,0,0.5
0.403980927259223,0.325730192575163,0,-0.2701147378744254,0.401047335362972,0,0.5
-0.3733560659930116,-0.3629214484695991,0,0.3062486126621137,-0.3719125589443613,0,0.5
0.3733560659930116,0.3629214484695991,0,-0.3062486126621137,0.3719125589443613,0,0.5
-0.3394250530241856,-0.3968989535399209,0,0.3393101296882604,-0.3397750507032174,0,0.5
0.3394250530241856,0.3968989535399209,0,-0.3393101296882604,0.3397750507032174,0,0.5
-0.3025152830156291,-0.4273933169228951,0,0.3690977000855651,-0.3049436338297418,0,0.5
0.3025152830156291,0.4273933169228951,0,-0.3690977000855651,0.3049436338297418,0,0.5
-0.2629715942029875,-0.4541664822131258,0,0.3954368881264154,-0.2677316529023079,0,0.5
0.2629715942029875,0.4541664822131258,0,-0.3954368881264154,0.2677316529023079,0,0.5
-0.2211537366911525,-0.4770120324268983,0,0.4181785751183508,-0.2284555021377248,0,0.5
0.2211537366911525,0.4770120324268983,0,-0.4181785751183508,0.2284555021377248,0,0.5
-0.177434009786934,-0.4957553929248432,0,0.4371972690421845,-0.1874336049794482,0,0.5
0.177434009786934,0.4957553929248432,0,-0.4371972690421845,0.1874336049794482,0,0.5
-0.1321950481094191,-0.5102539706278486,0,0.4523896167751493,-0.1449857770300545,0,0.5
0.1321950481094191,0.5102539706278486,0,-0.4523896167751493,0.1449857770300545,0,0.5
-0.0858277318418562,-0.5203972610634251,0,0.4636731626756286,-0.1014329043557647,0,0.5
0.0858277318418562,0.5203972610634251,0,-0.4636731626756286,0.1014329043557647,0,0.5
-0.03872919319236432,-0.5261069480864673,0,0.4709853864949188,-0.05709687023042156,0,0.5
0.03872919319236432,0.5261069480864673,0,-0.4709853864949188,0.05709687023042156,0,0.5
0.008699111277900247,-0.5273370145636275,0,0.4742830447026457,-0.01230066477160174,0,0.5
-0.008699111277900247,0.5273370145636275,0,-0.4742830447026457,0.01230066477160174,0,0.5
0.05605329447348308,-0.5240738758779093,0,0.4735418319558283,0.03263138685718186,0,0.5
-0.05605329447348308,0.5240738758779093,0,-0.4735418319558283,-0.03263138685718186,0,0.5
0.102928931787735,-0.5163365417471198,0,0.4687563731425192,0.07737334130789503,0,0.5
-0.102928931787735,0.5163365417471198,0,-0.4687563731425192,-0.07737334130789503,0,0.5
0.148922986856937,-0.5041768054814917,0,0.4599405506920199,0.1215973626562819,0,0.5
-0.148922986856937,0.5041768054814917,0,-0.4599405506920199,-0.1215973626562819,0,0.5
0.1936358034717854,-0.487679453347357,0,0.4471281661484842,0.1649735213413464,0,0.5
-0.1936358034717854,0.487679453347357,0,-0.4471281661484842,-0.1649735213413464,0,0.5
0.2366731963545434,-0.4669624800732193,0,0.4303739288275802,0.2071697327413774,0,0.5
-0.2366731963545434,0.4669624800732193,0,-0.4303739288275802,-0.2071697327413774,0,0.5
0.277648672073652,-0.4421772896656088,0,0.4097547571910851,0.2478519040761049,0,0.5
-0.277648672073652,0.4421772896656088,0,-0.4097547571910851,-0.2478519040761049,0,0.5
0.3161858090605439,-0.4135088535581514,0,0.3853713698689194,0.2866843610745736,0,0.5
-0.3161858090605439,0.4135088535581514,0,-0.3853713698689194,-0.2866843610745736,0,0.5
0.3519208223157791,-0.3811757907071719,0,0.357350132552352,0.3233306285097954,0,0.5
-0.3519208223157791,0.3811757907071719,0,-0.357350132552352,-0.3233306285097954,0,0.5
0.384505333701863,-0.3454303266427722,0,0.3258451138608385,0.3574546406439971,0,0.5
-0.384505333701863,0.3454303266427722,0,-0.3258451138608385,-0.3574546406439971,0,0.5
0.4136093624463377,-0.3065580808398967,0,0.2910402874447476,0.3887224580287551,0,0.5
-0.4136093624463377,0.3065580808398967,0,-0.2910402874447476,-0.3887224580287551,0,0.5
0.4389245423363556,-0.2648776243462744,0,0.2531517989001786,0.4168045649362225,0,0.5
-0.4389245423363556,0.2648776243462744,0,-0.2531517989001786,-0.4168045649362225,0,0.5
0.4601675618037743,-0.2207397427723558,0,0.2124301946741874,0.4413788157391864,0,0.5
-0.4601675618037743,0.2207397427723558,0,-0.2124301946741874,-0.4413788157391864,0,0.5
0.4770838104563853,-0.1745263340296992,0,0.169162486526109,0.4621340874265655,0,0.5
-0.4770838104563853,0.1745263340296992,0,-0.169162486526109,-0.4621340874265655,0,0.5
0.4894512004821067,-0.1266488662626735,0,0.1236739002572142,0.4787746776702576,0,0.5
-0.4894512004821067,0.1266488662626735,0,-0.1236739002572142,-0.4787746776702576,0,0.5
0.4970841137711072,-0.07754632005991792,0,0.07632913289000548,0.4910254620275557,0,0.5
-0.4970841137711072,0.07754632005991792,0,-0.07632913289000548,-0.4910254620275557,0,0.5
0.4998374058224098,-0.02768254118086737,0,0.02753292051302596,0.4986377887905055,0,0.5
-0.4998374058224098,0.02768254118086737,0,-0.02753292051302596,-0.4986377887905055,0,0.5
0.4976103760791198,0.02245706331980896,0,-0.02227029743290003,0.5013960450067633,0,0.5
-0.4976103760791198,-0.02245706331980896,0,0.02227029743290003,-0.5013960450067633,0,0.5
0.4903505921848085,0.0723695405657583,0,-0.07259783894311378,0.4991247724594933,0,0.5
-0.4903505921848085,-0.0723695405657583,0,0.07259783894311378,-0.4991247724594933,0,0.5
0.4780574340970394,0.1215391554930285,0,-0.1229315808776911,0.4916961492727023,0,0.5
-0.4780574340970394,-0.1215391554930285,0,0.1229315808776911,-0.4916961492727023,0,0.5
0.4607852047770146,0.1694429139153141,0,-0.1727222932002481,0.4790375842228561,0,0.5
-0.4607852047770146,-0.1694429139153141,0,0.1727222932002481,-0.4790375842228561,0,0.5
0.4386456394158579,0.2155568240671599,0,-0.2213956536115667,0.4611391015184576,0,0.5
-0.4386456394158579,-0.2155568240671599,0,0.2213956536115667,-0.4611391015184576,0,0.5
0.4118096372311082,0.2593628371030696,0,-0.268360021847497,0.4380601303590973,0,0.5
-0.4118096372311082,-0.2593628371030696,0,0.268360021847497,-0.4380601303590973,0,0.5
0.3805080411905792,0.3003563635260569,0,-0.31301596040529,0.4099352642298725,0,0.5
-0.3805080411905792,-0.3003563635260569,0,0.31301596040529,-0.4099352642298725,0,0.5
0.3450313037654384,0.3380542164080452,0,-0.3547673742514078,0.3769785288198828,0,0.5
-0.3450313037654384,-0.3380542164080452,0,0.3547673742514078,-0.3769785288198828,0,0.5
0.3057279025411441,0.3720027867815707,0,-0.3930340122429429,0.3394857037352548,0,0.5
-0.3057279025411441,-0.3720027867815707,0,0.3930340122429429,-0.3394857037352548,0,0.5
0.2630014087906886,0.401786215705595,0,-0.4272649375045556,0.2978342892402435,0,0.5
-0.2630014087906886,-0.401786215705595,0,0.4272649375045556,-0.2978342892402435,0,0.5
0.2173061641704422,0.4270342956258609,0,-0.4569524462024633,0.2524807992026585,0,0.5
-0.2173061641704422,-0.4270342956258609,0,0.4569524462024633,-0.2524807992026585,0,0.5
0.1691415832108222,0.4474298150659707,0,-0.4816458095962004,0.2039551944010979,0,0.5
-0.1691415832108222,-0.4474298150659707,0,0.4816458095962004,-0.2039551944010979,0,0.5
0.1190451683453723,0.4627150590148889,0,-0.5009641486544986,0.1528524394891821,0,0.5
-0.1190451683453723,-0.4627150590148889,0,0.5009641486544986,-0.1528524394891821,0,0.5
0.06758439462217763,0.4726971949237785,0,-0.5146077372319471,0.09982135908889653,0,0.5
-0.06758439462217763,-0.4726971949237785,0,0.5146077372319471,-0.09982135908889653,0,0.5
0.01534768691211556,0.477252311458023,0,-0.5223670771006207,0.04555116534244463,0,0.5
-0.01534768691211556,-0.477252311458023,0,0.5223670771006207,-0.04555116534244463,0,0.5
-0.03706523279480806,0.4763279323985424,0,-0.5241291970692362,-0.009243790594806234,0,0.5
0.03706523279480806,-0.4763279323985424,0,0.5241291970692362,0.009243790594806234,0,0.5
-0.08905331196879057,0.4699438975539434,0,-0.5198807917398252,-0.06384034844598926,0,0.5
0.08905331196879057,-0.4699438975539434,0,0.5198807917398252,0.06384034844598926,0,0.5
-0.1400241137668639,0.4581915806728968,0,-0.5097080179807327,-0.1175231688104666,0,0.5
0.1400241137668639,-0.4581915806728968,0,0.5097080179807327,0.1175231688104666,0,0.5
-0.1894034125506512,0.441231494485947,0,-0.4937929878378731,-0.1696008618694981,0,0.5
0.1894034125506512,-0.441231494485947,0,0.4937929878378731,0.1696008618694981,0,0.5
-0.2366441337056007,0.4192894082888655,0,-0.4724072115494951,-0.2194208619708148,0,0.5
0.2366441337056007,-0.4192894082888655,0,0.4724072115494951,0.2194208619708148,0,0.5
-0.2812343767878803,0.3926511677212094,0,-0.4459024308227957,-0.2663824056765606,0,0.5
0.2812343767878803,-0.3926511677212094,0,0.4459024308227957,0.2663824056765606,0,0.5
-0.3227043190289701,0.3616564548654636,0,-0.4146994224108987,-0.3099471285574586,0,0.5
0.3227043190289701,-0.3616564548654636,0,0.4146994224108987,0.3099471285574586,0,0.5
-0.3606318624532134,0.3266917567251225,0,-0.3792754342424334,-0.3496469814034108,0,0.5
0.3606318624532134,-0.3266917567251225,0,0.3792754342424334,0.3496469814034108,0,0.5
-0.3946469562546894,0.2881828208913462,0,-0.3401509380147599,-0.3850893583377625,0,0.5
0.3946469562546894,-0.2881828208913462,0,0.3401509380147599,0.3850893583377625,0,0.5
-0.4244345910606452,0.2465868700959107,0,-0.2978763480595575,-0.4159595079543552,0,0.5
0.4244345910606452,-0.2465868700959107,0,0.2978763480595575,0.4159595079543552,0,0.5
-0.44973651877792,0.2023848252297711,0,-0.2530192771727479,-0.4420204486613965,0,0.5
0.44973651877792,-0.2023848252297711,0,0.2530192771727479,0.4420204486613965,0,0.5
-0.4703517978003243,0.1560737531056224,0,-0.2061527902240432,-0.4631107212414862,0,0.5
0.4703517978003243,-0.1560737531056224,0,0.2061527902240432,0.4631107212414862,0,0.5
-0.4861362968922434,0.1081597149511447,0,-0.1578449909191911,-0.4791403815447772,0,0.5
0.4861362968922434,-0.1081597149511447,0,0.1578449909191911,0.4791403815447772,0,0.5
-0.4970013118944595,0.05915114836863045,0,-0.1086501500221611,-0.4900856658251426,0,0.5
0.4970013118944595,-0.05915114836863045,0,0.1086501500221611,0.4900856658251426,0,0.5
-0.5029114584778306,0.009552872765282897,0,-0.05910146583371112,-0.4959827560334755,0,0.5
0.5029114584778306,-0.009552872765282897,0,0.05910146583371112,0.4959827560334755,0,0.5
-0.5038820032223627,-0.04013923125871828,0,-0.00970544744532028,-0.4969210402400118,0,0.5
0.5038820032223627,0.04013923125871828,0,0.00970544744532028,0.4969210402400118,0,0.5
